Date,High,Low,Open,Close,Volume,Adj Close
2017-01-10,36.5,35.8100013733,35.9799995422,36.3199996948,3641700.0,33.5268325806
2017-01-11,36.5900001526,36.2200012207,36.2299995422,36.4700012207,3412000.0,33.6652984619
2017-01-12,36.2999992371,35.9599990845,36.2999992371,36.2000007629,2388000.0,33.4160652161
2017-01-13,36.5,36.2200012207,36.3199996948,36.25,1208200.0,33.4622116089
2017-01-17,36.2799987793,35.8499984741,36.0999984741,35.9799995422,2367800.0,33.2129745483
2017-01-18,36.4300003052,35.9500007629,36.1199989319,36.3499984741,2113400.0,33.554523468
2017-01-19,36.4599990845,36.1899986267,36.4099998474,36.3800010681,2310100.0,33.5822219849
2017-01-20,36.6500015259,36.3699989319,36.3899993896,36.5400009155,2233700.0,33.7299156189
2017-01-23,36.5200004578,36.1699981689,36.5200004578,36.4399986267,3011300.0,33.6376037598
2017-01-24,36.6599998474,36.2799987793,36.5200004578,36.6100006104,2946500.0,33.7945365906
2017-01-25,37.9099998474,36.6699981689,36.7700004578,37.7700004578,5169800.0,34.865322113
2017-01-26,38.0499992371,37.7299995422,37.8699989319,38.0400009155,2772900.0,35.1145553589
2017-01-27,38.1699981689,37.8699989319,38.0499992371,38.0,2140900.0,35.0776329041
2017-01-30,37.9700012207,37.4099998474,37.9700012207,37.4900016785,3223100.0,34.6068572998
2017-01-31,37.5699996948,37.2200012207,37.5,37.4399986267,3354900.0,34.5606956482
2017-02-01,37.25,36.7400016785,36.8400001526,36.9399986267,3494600.0,34.7308731079
2017-02-02,37.25,36.7799987793,36.8899993896,37.0900001526,3522600.0,34.8718986511
2017-02-03,37.4900016785,36.9900016785,37.4099998474,37.1300010681,4121300.0,34.9095115662
2017-02-06,37.1800003052,36.9300003052,36.9599990845,37.0099983215,2124900.0,34.7966880798
2017-02-07,37.1599998474,36.7799987793,37.0999984741,37.0400009155,2643400.0,34.8248901367
2017-02-08,37.0999984741,36.8400001526,37.0099983215,36.9700012207,2070300.0,34.7590789795
2017-02-09,37.3600006104,36.8800010681,36.9700012207,37.3199996948,2149400.0,35.0881462097
2017-02-10,37.7200012207,37.2200012207,37.2200012207,37.6599998474,2575300.0,35.4078216553
2017-02-13,37.75,37.4500007629,37.7200012207,37.5999984741,2515300.0,35.3514022827
2017-02-14,37.6100006104,37.2900009155,37.5999984741,37.4500007629,2320400.0,35.2103767395
2017-02-15,38.4399986267,37.75,37.75,38.3899993896,4086900.0,36.0941581726
2017-02-16,38.6100006104,38.2700004578,38.4099998474,38.6100006104,2445800.0,36.3010063171
2017-02-17,38.5999984741,38.3600006104,38.5299987793,38.5699996948,1977000.0,36.2633934021
2017-02-21,38.9700012207,38.5900001526,38.6300010681,38.9300003052,2315800.0,36.6018714905
2017-02-22,38.8499984741,38.5400009155,38.7400016785,38.8400001526,2126800.0,36.517250061
2017-02-23,39.2099990845,38.7400016785,38.8100013733,39.0900001526,3470800.0,36.7523002625
2017-02-24,39.2000007629,38.8199996948,38.9000015259,39.0499992371,1976300.0,36.7146911621
2017-02-27,39.2099990845,38.7700004578,39.1100006104,38.9000015259,1663300.0,36.5736618042
2017-02-28,39.2599983215,38.7599983215,38.7900009155,39.1800003052,4195000.0,36.8369140625
2017-03-01,39.9099998474,39.5200004578,39.6899986267,39.8699989319,4113800.0,37.4856491089
2017-03-02,39.9399986267,39.6300010681,39.8300018311,39.6800003052,2345100.0,37.3070144653
2017-03-03,39.8400001526,39.5299987793,39.5900001526,39.8300018311,1859000.0,37.4480438232
2017-03-06,39.7299995422,39.4000015259,39.5999984741,39.4099998474,2079700.0,37.0531578064
2017-03-07,39.5699996948,39.2700004578,39.4500007629,39.3199996948,2215200.0,36.9685440063
2017-03-08,39.4599990845,39.2400016785,39.4399986267,39.3100013733,2479000.0,36.9591407776
2017-03-09,39.4000015259,39.2400016785,39.4000015259,39.3499984741,2696600.0,36.9967498779
2017-03-10,39.5699996948,39.3400001526,39.5400009155,39.5400009155,3515900.0,37.1753845215
2017-03-13,39.6899986267,39.4599990845,39.5200004578,39.6800003052,2786200.0,37.3070144653
2017-03-14,39.8800010681,39.5299987793,39.5999984741,39.7599983215,2135100.0,37.3822250366
2017-03-15,40.2099990845,39.7700004578,39.8600006104,40.1599998474,2558300.0,37.7583084106
2017-03-16,40.3199996948,39.9900016785,40.1199989319,40.0299987793,2148100.0,37.6360816956
2017-03-17,40.4700012207,39.9900016785,40.0800018311,40.3100013733,3869800.0,37.8993377686
2017-03-20,40.7200012207,39.9700012207,40.6100006104,40.2200012207,6642600.0,37.8147201538
2017-03-21,40.7400016785,39.9099998474,40.7400016785,40.0200004578,5255800.0,37.6266822815
2017-03-22,40.2599983215,39.6599998474,40.1399993896,39.7999992371,2823300.0,37.4198379517
2017-03-23,40.0400009155,39.5600013733,39.75,39.5699996948,3769700.0,37.2035903931
2017-03-24,39.8600006104,39.3499984741,39.6300010681,39.5299987793,2557900.0,37.1659812927
2017-03-27,39.5400009155,39.0600013733,39.1199989319,39.4799995422,2048700.0,37.1189727783
2017-03-28,39.9099998474,39.3400001526,39.3899993896,39.8499984741,4823500.0,37.4668464661
2017-03-29,39.7299995422,39.2900009155,39.7299995422,39.3800010681,2758800.0,37.0249557495
2017-03-30,39.5800018311,39.2900009155,39.3499984741,39.4799995422,2369500.0,37.1189727783
2017-03-31,39.3800010681,38.9300003052,39.3800010681,39.1800003052,3413200.0,36.8369140625
2017-04-03,39.3699989319,38.9300003052,39.2400016785,39.2799987793,3749500.0,36.930934906
2017-04-04,39.3499984741,39.0400009155,39.2999992371,39.2599983215,2876700.0,36.9121322632
2017-04-05,39.5699996948,39.2099990845,39.4500007629,39.25,2324900.0,36.9027290344
2017-04-06,39.4599990845,39.0,39.2799987793,39.25,5279500.0,36.9027290344
2017-04-07,39.4500007629,39.0600013733,39.0999984741,39.2900009155,3375700.0,36.9403343201
2017-04-10,39.6800003052,39.4799995422,39.5600013733,39.6100006104,2023600.0,37.2411994934
2017-04-11,39.5200004578,39.2299995422,39.4599990845,39.5099983215,2513500.0,37.1471824646
2017-04-12,39.3600006104,38.9300003052,39.3199996948,39.2799987793,2459700.0,36.930934906
2017-04-13,39.5099983215,39.1100006104,39.2900009155,39.2900009155,2706800.0,36.9403343201
2017-04-17,39.5900001526,39.2000007629,39.4000015259,39.5600013733,2713700.0,37.1941947937
2017-04-18,39.5999984741,38.6100006104,39.2000007629,39.0099983215,7093900.0,36.6770782471
2017-04-19,39.2900009155,38.7999992371,39.1300010681,38.8699989319,3923600.0,36.5454521179
2017-04-20,39.5200004578,38.8499984741,38.9300003052,39.4099998474,2996400.0,37.0531578064
2017-04-21,39.4599990845,39.1599998474,39.4000015259,39.3800010681,3248600.0,37.0249557495
2017-04-24,39.9799995422,39.4799995422,39.9300003052,39.7099990845,1653600.0,37.3352165222
2017-04-25,39.9599990845,39.7999992371,39.8199996948,39.9199981689,1961900.0,37.532661438
2017-04-26,40.2200012207,39.8300018311,39.8699989319,39.9799995422,1664600.0,37.5890731812
2017-04-27,40.2400016785,39.9000015259,40.0699996948,40.0999984741,1991700.0,37.7018966675
2017-04-28,40.1100006104,39.6899986267,40.1100006104,39.7200012207,1574200.0,37.3446273804
2017-05-01,39.9000015259,39.5900001526,39.8300018311,39.7700004578,1840800.0,37.3916320801
2017-05-02,39.8699989319,39.2900009155,39.8100013733,39.4099998474,2620600.0,37.0531578064
2017-05-03,40.1300010681,39.3699989319,39.4099998474,40.0499992371,3249400.0,37.6548843384
2017-05-04,40.3800010681,39.9300003052,40.1800003052,40.3699989319,2969900.0,37.9557495117
2017-05-05,40.7599983215,40.3199996948,40.4099998474,40.7400016785,3556800.0,38.3036270142
2017-05-08,40.9399986267,40.4900016785,40.75,40.5800018311,2531300.0,38.1531906128
2017-05-09,40.7200012207,40.2299995422,40.5200004578,40.3199996948,2667300.0,37.9087409973
2017-05-10,40.5800018311,40.1500015259,40.2099990845,40.5299987793,2246000.0,38.1061820984
2017-05-11,40.3699989319,39.9900016785,40.3499984741,40.2299995422,2190100.0,37.8241195679
2017-05-12,40.2999992371,39.9099998474,40.0999984741,39.9799995422,1988900.0,37.5890731812
2017-05-15,40.3300018311,40.0400009155,40.1500015259,40.2200012207,2128700.0,37.8147201538
2017-05-16,40.3199996948,40.0600013733,40.25,40.1199989319,2756600.0,37.7206954956
2017-05-17,41.2000007629,38.75,40.1199989319,41.1599998474,4289200.0,38.6985015869
2017-05-18,41.6500015259,41.25,41.3899993896,41.5699996948,4466100.0,39.083984375
2017-05-19,41.7400016785,41.0499992371,41.6100006104,41.0999984741,4780500.0,38.6420898438
2017-05-22,41.7900009155,41.2599983215,41.2599983215,41.5200004578,2875100.0,39.0369758606
2017-05-23,41.6500015259,41.3699989319,41.5400009155,41.5499992371,3944200.0,39.0651855469
2017-05-24,41.8499984741,41.5299987793,41.5699996948,41.8199996948,2230200.0,39.3190345764
2017-05-25,42.3499984741,41.8400001526,41.9300003052,42.2700004578,1905500.0,39.7421264648
2017-05-26,42.4399986267,42.1300010681,42.3199996948,42.2999992371,2430900.0,39.7703323364
2017-05-30,42.3300018311,42.0999984741,42.1399993896,42.2200012207,1496500.0,39.6951179504
2017-05-31,42.4599990845,42.1699981689,42.2599983215,42.4300003052,4754900.0,39.8925552368
2017-06-01,42.7599983215,42.3199996948,42.4900016785,42.7599983215,2359800.0,40.2028160095
2017-06-02,43.1399993896,42.6899986267,42.7900009155,43.0800018311,2515500.0,40.5036849976
2017-06-05,43.2200012207,42.8899993896,43.0400009155,43.0600013733,1911800.0,40.4848823547
2017-06-06,43.2599983215,42.8499984741,42.9099998474,42.9599990845,2488600.0,40.3908615112
2017-06-07,43.2299995422,42.9300003052,43.2099990845,42.9500007629,2042200.0,40.3814544678
2017-06-08,43.1300010681,42.7999992371,42.9500007629,43.0600013733,3612800.0,40.4848823547
2017-06-09,43.5200004578,43.0200004578,43.1199989319,43.4799995422,2433000.0,40.8797607422
2017-06-12,43.7000007629,43.1899986267,43.4399986267,43.6800003052,2727500.0,41.0678024292
2017-06-13,43.8199996948,43.5400009155,43.6500015259,43.6100006104,2686600.0,41.001991272
2017-06-14,44.5200004578,43.4700012207,43.5299987793,44.4099998474,3245600.0,41.7541465759
2017-06-15,44.7400016785,44.2799987793,44.3800010681,44.7400016785,2363000.0,42.064414978
2017-06-16,44.8800010681,44.5299987793,44.7599983215,44.8300018311,3083900.0,42.1490325928
2017-06-19,45.0299987793,44.4099998474,45.0299987793,44.7000007629,4931800.0,42.0268058777
2017-06-20,44.8199996948,44.3699989319,44.7200012207,44.4099998474,1915100.0,41.7541465759
2017-06-21,44.5600013733,44.3600006104,44.5600013733,44.4700012207,2748500.0,41.8105545044
2017-06-22,44.4199981689,43.9900016785,44.2700004578,44.0900001526,2472200.0,41.4532852173
2017-06-23,44.4799995422,43.9399986267,44.1500015259,44.3899993896,14861500.0,41.7353401184
2017-06-26,44.6699981689,44.3100013733,44.4599990845,44.5600013733,2355300.0,41.8951797485
2017-06-27,44.7099990845,44.4000015259,44.5299987793,44.6300010681,2587700.0,41.9609909058
2017-06-28,44.8600006104,44.4500007629,44.8300018311,44.5299987793,2294800.0,41.8669662476
2017-06-29,44.7400016785,43.9900016785,44.7000007629,44.1500015259,2081600.0,41.5096969604
2017-06-30,44.5099983215,44.0699996948,44.3499984741,44.0900001526,2449000.0,41.4532852173
2017-07-03,44.8100013733,44.2099990845,44.2099990845,44.3100013733,1208200.0,41.6601219177
2017-07-05,44.7999992371,44.1599998474,44.4300003052,44.7599983215,2891200.0,42.0832099915
2017-07-06,44.8499984741,44.3800010681,44.75,44.4300003052,4703300.0,41.7729492188
2017-07-07,45.1699981689,44.4300003052,44.4700012207,44.9900016785,2192000.0,42.2994613647
2017-07-10,45.1100006104,44.7599983215,44.7599983215,45.0,3246100.0,42.3088607788
2017-07-11,45.1100006104,44.5499992371,45.0299987793,44.5800018311,2248900.0,41.9139785767
2017-07-12,44.9500007629,44.5,44.6699981689,44.8600006104,2784200.0,42.1772384644
2017-07-13,46.3300018311,44.8699989319,46.3300018311,45.2000007629,4589800.0,42.4969024658
2017-07-14,45.6300010681,45.0,45.0800018311,45.5800018311,2982200.0,42.8541793823
2017-07-17,45.5800018311,45.1699981689,45.5800018311,45.4500007629,5069700.0,42.7319488525
2017-07-18,45.9399986267,45.2400016785,45.25,45.3400001526,4987600.0,42.6285247803
2017-07-19,45.6699981689,45.2799987793,45.4799995422,45.6699981689,2349200.0,42.9387931824
2017-07-20,46.5299987793,45.5499992371,45.6699981689,46.4799995422,3142000.0,43.7003555298
2017-07-21,46.4599990845,46.2099990845,46.3800010681,46.3600006104,2876800.0,43.5875320435
2017-07-24,46.8800010681,46.3600006104,46.4199981689,46.7799987793,1940500.0,43.9824142456
2017-07-25,47.1800003052,46.6800003052,47.1199989319,46.9099998474,1766000.0,44.104637146
2017-07-26,47.0,46.3899993896,46.9700012207,46.5099983215,2226600.0,43.728553772
2017-07-27,46.5600013733,46.0800018311,46.5,46.2799987793,2915700.0,43.5123138428
2017-07-28,47.2799987793,46.3300018311,46.3300018311,47.2200012207,3113000.0,44.3961029053
2017-07-31,47.3800010681,47.0400009155,47.2999992371,47.1300010681,2744000.0,44.3114814758
2017-08-01,47.2799987793,47.0200004578,47.2599983215,47.2599983215,2310400.0,44.4337043762
2017-08-02,47.5200004578,47.1300010681,47.3199996948,47.2200012207,2492000.0,44.3961029053
2017-08-03,47.6800003052,47.0900001526,47.2299995422,47.6100006104,3017200.0,44.7627754211
2017-08-04,47.75,47.5200004578,47.75,47.7099990845,1817600.0,44.85679245
2017-08-07,47.75,47.5299987793,47.7299995422,47.6699981689,1965100.0,44.8191833496
2017-08-08,47.7700004578,47.5,47.5800018311,47.6399993896,2378300.0,44.7909851074
2017-08-09,48.0400009155,47.5900001526,47.6100006104,48.0400009155,2786200.0,45.1670608521
2017-08-10,47.9399986267,47.5499992371,47.8300018311,47.7099990845,2485500.0,44.85679245
2017-08-11,47.9399986267,47.1699981689,47.7000007629,47.2299995422,2943200.0,44.4055023193
2017-08-14,47.8100013733,47.4000015259,47.5099983215,47.7700004578,1481000.0,44.9132041931
2017-08-15,47.8600006104,47.4799995422,47.7900009155,47.5900001526,2158100.0,44.7439727783
2017-08-16,48.9500007629,47.6500015259,47.9500007629,48.7099990845,3892300.0,45.7969856262
2017-08-17,48.9799995422,48.4399986267,48.7599983215,48.5099983215,3891300.0,45.6089515686
2017-08-18,48.9000015259,48.2999992371,48.4300003052,48.6300010681,3466100.0,45.7217826843
2017-08-21,48.7700004578,48.0999984741,48.6300010681,48.6899986267,2615000.0,45.7781867981
2017-08-22,48.9799995422,48.5900001526,48.7099990845,48.8899993896,2501000.0,45.9662284851
2017-08-23,49.0099983215,48.7299995422,48.7299995422,48.8300018311,1721300.0,45.9098167419
2017-08-24,48.9399986267,48.2400016785,48.9399986267,48.2599983215,2619000.0,45.3739051819
2017-08-25,48.7400016785,48.3800010681,48.4300003052,48.4000015259,2406400.0,45.5055351257
2017-08-28,47.75,46.9799995422,47.4500007629,47.3100013733,6050100.0,44.4807167053
2017-08-29,47.6399993896,47.1399993896,47.1500015259,47.6300010681,3208800.0,44.781578064
2017-08-30,47.7799987793,46.4000015259,47.5999984741,46.5699996948,5079100.0,43.7849731445
2017-08-31,46.7999992371,46.3800010681,46.5200004578,46.4799995422,4557200.0,43.7003555298
2017-09-01,46.6800003052,45.6399993896,46.5200004578,45.6599998474,6624400.0,42.9293899536
2017-09-05,45.3300018311,43.9799995422,45.2799987793,44.1100006104,7658500.0,41.4720840454
2017-09-06,45.5400009155,44.1199989319,44.2000007629,44.9399986267,5991400.0,42.2524490356
2017-09-07,44.9199981689,43.5900001526,44.9199981689,43.7299995422,5818000.0,41.1148071289
2017-09-08,45.5099983215,43.5999984741,43.5999984741,45.4099998474,7058900.0,42.6943435669
2017-09-11,47.5499992371,46.2400016785,46.4900016785,46.4199981689,7352400.0,43.6439399719
2017-09-12,46.6199989319,45.9599990845,46.2999992371,46.5800018311,4302700.0,43.7943725586
2017-09-13,46.3699989319,45.7400016785,46.2299995422,46.1399993896,3098600.0,43.3806877136
2017-09-14,46.0900001526,45.4300003052,46.0900001526,46.0699996948,3167800.0,43.3148727417
2017-09-15,46.4500007629,45.9599990845,46.0699996948,46.0200004578,3690400.0,43.267868042
2017-09-18,46.3300018311,45.9000015259,46.1699981689,46.3100013733,3153100.0,43.5405235291
2017-09-19,48.2999992371,47.1399993896,47.1399993896,47.6300010681,6611400.0,44.781578064
2017-09-20,48.0099983215,47.5,47.6699981689,47.7000007629,5060800.0,44.8473968506
2017-09-21,48.1300010681,47.5800018311,47.6399993896,47.6800003052,3923300.0,44.8285903931
2017-09-22,48.0200004578,47.4199981689,47.6100006104,47.9799995422,3044100.0,45.1106491089
2017-09-25,48.0600013733,47.6100006104,47.9300003052,48.0,4710000.0,45.1294517517
2017-09-26,48.2900009155,47.7999992371,47.9099998474,47.8499984741,2941600.0,44.9884223938
2017-09-27,48.2999992371,47.6100006104,48.1300010681,47.7099990845,2857100.0,44.85679245
2017-09-28,48.0800018311,47.5699996948,47.6899986267,48.0600013733,4015000.0,45.1858634949
2017-09-29,48.4399986267,47.8600006104,47.9599990845,48.4199981689,1974600.0,45.5243301392
2017-10-02,49.1899986267,48.3600006104,48.3899993896,49.0299987793,3457100.0,46.0978546143
2017-10-03,49.0999984741,48.7900009155,48.9199981689,49.0699996948,2542800.0,46.1354637146
2017-10-04,49.2999992371,48.9399986267,49.0099983215,49.1699981689,3555400.0,46.2294807434
2017-10-05,49.2599983215,48.9900016785,49.2099990845,49.0499992371,2757500.0,46.1166610718
2017-10-06,49.4099998474,48.9399986267,49.0999984741,49.2799987793,1815200.0,46.3329048157
2017-10-09,49.75,49.1699981689,49.3400001526,49.4500007629,2292200.0,46.4927368164
2017-10-10,49.6300010681,49.1599998474,49.4399986267,49.3699989319,2197500.0,46.4175186157
2017-10-11,49.3600006104,48.9599990845,49.2900009155,49.25,2336600.0,46.3046989441
2017-10-12,49.4099998474,48.7000007629,49.3199996948,48.75,3064800.0,45.834602356
2017-10-13,49.1599998474,48.6399993896,48.8400001526,48.6699981689,3216300.0,45.7593841553
2017-10-16,49.1199989319,48.6699981689,48.6699981689,48.9799995422,3142500.0,46.0508460999
2017-10-17,49.4700012207,48.0800018311,49.0,48.5499992371,5517400.0,45.6465606689
2017-10-18,48.9799995422,47.8899993896,48.8600006104,48.0900001526,4103900.0,45.2140693665
2017-10-19,48.7000007629,47.9199981689,48.0400009155,48.6899986267,2502700.0,45.7781867981
2017-10-20,49.0200004578,48.5200004578,48.9700012207,48.9099998474,3089700.0,45.9850349426
2017-10-23,49.0600013733,48.7599983215,48.9799995422,48.9000015259,3002900.0,45.9756278992
2017-10-24,49.2799987793,48.8400001526,48.9900016785,49.0299987793,3221400.0,46.0978546143
2017-10-25,49.0099983215,48.5600013733,48.9000015259,48.6100006104,2827900.0,45.7029724121
2017-10-26,49.25,48.6699981689,48.8699989319,49.1500015259,2883100.0,46.2106819153
2017-10-27,49.1199989319,48.6599998474,48.9500007629,48.9000015259,2683200.0,45.9756278992
2017-10-30,49.1100006104,48.6599998474,48.7900009155,48.6599998474,2385100.0,45.7499809265
2017-10-31,48.9300003052,48.5900001526,48.7000007629,48.6500015259,2690000.0,45.7405815125
2017-11-01,48.9300003052,48.6899986267,48.8499984741,48.7999992371,1873500.0,45.8816070557
2017-11-02,50.1399993896,48.8400001526,48.8800010681,49.3100013733,3538300.0,46.3611106873
2017-11-03,50.2700004578,49.1500015259,49.1800003052,50.1500015259,3884800.0,47.1508750916
2017-11-06,50.4000015259,49.7400016785,49.8100013733,50.2099990845,3272600.0,47.2072868347
2017-11-07,51.0,50.2900009155,50.3100013733,50.4900016785,1831000.0,47.4705429077
2017-11-08,50.7200012207,50.2799987793,50.4000015259,50.5499992371,1778800.0,47.5269584656
2017-11-09,50.7299995422,50.1399993896,50.3899993896,50.6399993896,1939300.0,47.6115722656
2017-11-10,50.8600006104,50.1800003052,50.4799995422,50.75,1292300.0,47.7149925232
2017-11-13,51.2099990845,50.4000015259,50.5499992371,51.0999984741,3418900.0,48.0440597534
2017-11-14,51.5400009155,50.7200012207,50.7999992371,51.2799987793,2894800.0,48.2132949829
2017-11-15,51.8899993896,50.9500007629,51.1699981689,51.6500015259,3130400.0,48.5611724854
2017-11-16,52.0800018311,51.4300003052,52.0,51.5699996948,2940100.0,48.4859542847
2017-11-17,51.6800003052,51.3199996948,51.3899993896,51.5499992371,2240700.0,48.4671516418
2017-11-20,51.9000015259,51.5499992371,51.6500015259,51.8199996948,2015200.0,48.7210044861
2017-11-21,52.2599983215,51.75,52.0,51.8699989319,4230000.0,48.7680168152
2017-11-22,51.8800010681,51.4799995422,51.8800010681,51.6800003052,2078700.0,48.5893783569
2017-11-24,51.9500007629,51.6100006104,51.8600006104,51.8499984741,1726300.0,48.749206543
2017-11-27,52.2400016785,51.8600006104,51.9300003052,52.0699996948,2086800.0,48.9560508728
2017-11-28,52.8199996948,52.0200004578,52.0499992371,52.7799987793,3747800.0,49.6235923767
2017-11-29,53.2900009155,52.4000015259,52.9199981689,52.4500007629,3706100.0,49.313331604
2017-11-30,53.7099990845,52.5099983215,52.7400016785,53.1800003052,5779000.0,49.999671936
2017-12-01,54.0,52.5499992371,53.3300018311,53.5999984741,3301900.0,50.3945541382
2017-12-04,54.5400009155,54.0400009155,54.1899986267,54.3600006104,3373600.0,51.1091041565
2017-12-05,54.75,54.1399993896,54.5,54.25,3880700.0,51.0056838989
2017-12-06,54.6699981689,54.0800018311,54.2700004578,54.5900001526,1935100.0,51.3253479004
2017-12-07,54.8400001526,54.4000015259,54.5200004578,54.5200004578,1993200.0,51.2595329285
2017-12-08,54.9900016785,54.5699996948,54.7700004578,54.9900016785,1609700.0,51.7014274597
2017-12-11,54.9900016785,54.4500007629,54.8800010681,54.8800010681,2571600.0,51.5980072021
2017-12-12,55.8100013733,55.0299987793,55.1800003052,55.1500015259,4154700.0,51.8518600464
2017-12-13,56.2299995422,55.1500015259,55.2400016785,55.8600006104,3407800.0,52.5194015503
2017-12-14,56.1899986267,55.0,56.1800003052,55.1399993896,3069100.0,51.8424606323
2017-12-15,55.7999992371,55.2000007629,55.3300018311,55.4599990845,5616800.0,52.1433181763
2017-12-18,55.7799987793,55.0999984741,55.5099983215,55.2000007629,2511200.0,51.8988723755
2017-12-19,55.9099998474,55.3100013733,55.5099983215,55.7900009155,2613700.0,52.4535865784
2017-12-20,56.2799987793,55.7900009155,55.9399986267,56.1699981689,2691200.0,52.8108596802
2017-12-21,57.1800003052,55.6500015259,56.5099983215,55.7999992371,2610800.0,52.4629859924
2017-12-22,56.1800003052,55.6399993896,55.9500007629,56.0900001526,1714800.0,52.7356452942
2017-12-26,56.2999992371,55.9900016785,56.0299987793,56.2200012207,1235000.0,52.8578720093
2017-12-27,56.6899986267,56.2200012207,56.2999992371,56.3600006104,1865600.0,52.9895019531
2017-12-28,56.7000007629,56.1399993896,56.5299987793,56.5099983215,1314700.0,53.1305274963
2017-12-29,56.6399993896,56.3199996948,56.5200004578,56.3199996948,1375200.0,52.9518928528
2018-01-02,56.4599990845,55.0699996948,56.4599990845,55.3600006104,2715500.0,52.0493011475
2018-01-03,55.5600013733,54.8600006104,55.3199996948,55.3300018311,3247300.0,52.0210952759
2018-01-04,55.7999992371,55.0999984741,55.4300003052,55.3199996948,2573300.0,52.0116920471
2018-01-05,55.5900001526,54.8699989319,55.4399986267,55.5299987793,3264800.0,52.2091369629
2018-01-08,55.8199996948,55.3199996948,55.6100006104,55.7000007629,3075600.0,52.3689689636
2018-01-09,56.5699996948,55.7700004578,55.8100013733,56.1699981689,3823600.0,52.8108596802
2018-01-10,56.2000007629,55.4399986267,56.0600013733,55.6800003052,3212700.0,52.3501625061
2018-01-11,56.0400009155,55.5,55.8400001526,55.6599998474,2087100.0,52.331363678
2018-01-12,56.0999984741,55.3699989319,55.8199996948,55.9399986267,2659800.0,52.5946159363
2018-01-16,56.5299987793,55.8800010681,56.0800018311,56.2700004578,3800300.0,52.9048843384
2018-01-17,57.4000015259,56.2299995422,56.4799995422,57.2299995422,3169500.0,53.8074684143
2018-01-18,57.4399986267,56.9099998474,57.2400016785,57.2900009155,2042900.0,53.8638839722
2018-01-19,57.8499984741,57.3400001526,57.5099983215,57.6599998474,3847600.0,54.2117538452
2018-01-22,58.25,57.7900009155,57.8499984741,58.2200012207,2632800.0,54.7382698059
2018-01-23,58.25,56.3300018311,58.1699981689,57.0499992371,4611300.0,53.6382331848
2018-01-24,57.6300010681,54.0099983215,57.6300010681,55.3300018311,7594900.0,52.0210952759
2018-01-25,55.8100013733,55.0800018311,55.7000007629,55.7599983215,4766600.0,52.4253807068
2018-01-26,56.7599983215,54.0499992371,55.9799995422,54.8300018311,5802800.0,51.5509986877
2018-01-29,54.8499984741,53.0900001526,54.7599983215,53.1300010681,7824800.0,49.9526634216
2018-01-30,54.4700012207,53.1500015259,53.1500015259,53.4900016785,5233600.0,50.2911338806
2018-01-31,54.5,53.5,53.8199996948,54.0999984741,6765400.0,50.8646507263
2018-02-01,54.4099998474,53.0999984741,53.1500015259,53.5800018311,4502800.0,51.4452590942
2018-02-02,54.4500007629,53.1599998474,53.5600013733,53.2400016785,3004400.0,51.1188087463
2018-02-05,54.3699989319,51.9399986267,52.9599990845,51.9500007629,4452700.0,49.8802032471
2018-02-06,53.1100006104,50.7900009155,51.4399986267,52.8699989319,5951100.0,50.76354599
2018-02-07,54.0999984741,52.5499992371,52.7799987793,53.4000015259,4334500.0,51.2724342346
2018-02-08,53.5099983215,51.0400009155,53.4700012207,51.0699996948,5464800.0,49.0352668762
2018-02-09,52.5499992371,51.2200012207,51.5999984741,52.2200012207,5109500.0,50.1394500732
2018-02-12,52.7900009155,51.4700012207,52.4199981689,52.3800010681,2850800.0,50.2930717468
2018-02-13,53.2400016785,51.9900016785,52.1100006104,53.2200012207,3078400.0,51.0996055603
2018-02-14,56.3499984741,53.5699996948,53.7700004578,56.2999992371,6304600.0,54.056892395
2018-02-15,57.0,56.2400016785,56.9000015259,56.7799987793,4209000.0,54.5177650452
2018-02-16,57.5299987793,56.5900001526,56.5900001526,57.3499984741,3704700.0,55.0650558472
2018-02-20,57.2900009155,56.4700012207,57.0600013733,56.5400009155,3807300.0,54.2873268127
2018-02-21,58.0999984741,56.5900001526,56.7299995422,57.1699981689,3649100.0,54.8922271729
2018-02-22,57.7900009155,56.6699981689,57.2799987793,56.8499984741,3358100.0,54.5849761963
2018-02-23,57.7599983215,56.9199981689,56.9900016785,57.7099990845,1968600.0,55.4107093811
2018-02-26,59.0600013733,57.7400016785,57.7999992371,58.8499984741,3290000.0,56.5052909851
2018-02-27,59.2599983215,58.5299987793,58.7999992371,58.5299987793,4889100.0,56.1980400085
2018-02-28,59.3600006104,57.5699996948,58.8800010681,57.5800018311,4031800.0,55.2858963013
2018-03-01,58.5999984741,57.2799987793,57.75,57.7900009155,3158200.0,55.4875259399
2018-03-02,57.8400001526,56.9799995422,57.4000015259,57.5800018311,4006000.0,55.2858963013
2018-03-05,58.9500007629,57.0299987793,57.3199996948,58.7900009155,3180000.0,56.4476852417
2018-03-06,58.9700012207,57.6800003052,58.8600006104,58.6199989319,3362400.0,56.2844581604
2018-03-07,58.6699981689,58.1699981689,58.2000007629,58.4199981689,2326400.0,56.0924224854
2018-03-08,59.0900001526,58.4000015259,58.5299987793,59.0200004578,1455500.0,56.6685218811
2018-03-09,60.3800010681,59.1699981689,59.3699989319,60.3699989319,1860700.0,57.9647331238
2018-03-12,60.4300003052,59.7400016785,60.3499984741,59.9700012207,2553300.0,57.5806694031
2018-03-13,60.6899986267,59.9599990845,60.0600013733,60.0099983215,3339800.0,57.6190757751
2018-03-14,61.6300010681,60.7200012207,61.2999992371,61.4000015259,3348400.0,58.9536972046
2018-03-15,61.7099990845,60.7999992371,61.5499992371,61.5800018311,3345400.0,59.1265258789
2018-03-16,62.1399993896,61.6300010681,61.8100013733,61.9199981689,3086100.0,59.4529762268
2018-03-19,62.5200004578,61.4000015259,61.9199981689,61.8699989319,2321700.0,59.4049682617
2018-03-20,62.7400016785,62.0200004578,62.0600013733,62.3300018311,2611000.0,59.8466415405
2018-03-21,62.7099990845,61.7299995422,62.3899993896,62.0099983215,2383700.0,59.539390564
2018-03-22,61.9900016785,60.4700012207,61.4900016785,60.5499992371,2713900.0,58.1375579834
2018-03-23,61.0,59.6100006104,60.5099983215,59.6800003052,3541500.0,57.3022232056
2018-03-26,60.9799995422,59.5099983215,60.0900001526,60.8499984741,3699100.0,58.4256057739
2018-03-27,61.4300003052,59.9300003052,61.0900001526,60.2900009155,3576000.0,57.8879203796
2018-03-28,60.8699989319,59.7799987793,60.3499984741,60.4399986267,3403100.0,58.0319442749
2018-03-29,61.4599990845,60.4399986267,60.7700004578,60.9300003052,3268600.0,58.5024223328
2018-04-02,61.2700004578,59.1699981689,60.9900016785,59.8100013733,3481500.0,57.4270439148
2018-04-03,60.9599990845,59.8499984741,60.0699996948,60.6899986267,3498700.0,58.2719802856
2018-04-04,61.5499992371,60.0400009155,60.1300010681,61.4099998474,3841200.0,58.9632987976
2018-04-05,61.9700012207,61.0499992371,61.6500015259,61.25,2900400.0,58.8096694946
2018-04-06,61.3899993896,59.7000007629,60.8600006104,60.0400009155,3661400.0,57.6478805542
2018-04-09,60.9000015259,59.8899993896,60.4000015259,60.0,2952800.0,57.6094779968
2018-04-10,60.9799995422,60.3199996948,60.8100013733,60.3899993896,3033400.0,57.9839363098
2018-04-11,60.3300018311,59.8100013733,59.9599990845,59.9900016785,2315000.0,57.5998725891
2018-04-12,60.7599983215,60.2200012207,60.3899993896,60.5,2155800.0,58.089553833
2018-04-13,60.9799995422,59.9199981689,60.9199981689,60.0699996948,2711900.0,57.6766853333
2018-04-16,61.4199981689,60.4599990845,60.5800018311,60.9300003052,4648000.0,58.5024223328
2018-04-17,62.7799987793,61.0099983215,61.4500007629,62.2799987793,5132100.0,59.7986373901
2018-04-18,62.4300003052,60.8300018311,62.3899993896,61.1800003052,3973000.0,58.7424621582
2018-04-19,61.7400016785,60.8600006104,61.1800003052,61.1300010681,2991800.0,58.6944541931
2018-04-20,61.3899993896,60.7999992371,61.2299995422,61.0499992371,2886600.0,58.6176376343
2018-04-23,61.5900001526,60.9599990845,61.5,61.2200012207,2146600.0,58.7808685303
2018-04-24,61.4900016785,60.2599983215,61.3300018311,60.7099990845,2820000.0,58.2911872864
2018-04-25,60.9700012207,59.9599990845,60.7999992371,60.2999992371,3370000.0,57.8975219727
2018-04-26,60.8800010681,59.9799995422,60.3600006104,60.6300010681,1601000.0,58.2143745422
2018-04-27,61.0099983215,60.4300003052,60.5299987793,60.9799995422,1519200.0,58.5504264832
2018-04-30,61.25,60.2900009155,61.0999984741,60.2900009155,2506600.0,57.8879203796
2018-05-01,60.5299987793,59.9199981689,60.3199996948,60.5,1929300.0,58.089553833
2018-05-02,60.2400016785,58.1100006104,60.1500015259,58.9799995422,3929200.0,56.6301116943
2018-05-03,59.6199989319,58.2299995422,58.7200012207,59.2700004578,3764500.0,56.9085540771
2018-05-04,60.1100006104,58.6399993896,59.0299987793,59.8100013733,2457300.0,57.4270439148
2018-05-07,61.0099983215,59.8100013733,59.8400001526,60.7000007629,2675700.0,58.2815856934
2018-05-08,61.2799987793,60.4799995422,60.5299987793,61.1599998474,2546500.0,58.7232551575
2018-05-09,61.7999992371,61.0200004578,61.1300010681,61.7900009155,1600800.0,59.3281593323
2018-05-10,62.6100006104,61.6500015259,61.9000015259,62.3699989319,2522700.0,59.8850479126
2018-05-11,62.9900016785,62.2200012207,62.3400001526,62.4300003052,2073700.0,59.9426574707
2018-05-14,62.5900001526,61.6199989319,62.4799995422,61.7200012207,3026600.0,59.2609481812
2018-05-15,62.5200004578,61.5499992371,61.5900001526,61.9099998474,3991200.0,59.4433746338
2018-05-16,62.2999992371,61.0299987793,62.0999984741,61.6100006104,3366700.0,59.155330658
2018-05-17,61.2400016785,60.2000007629,61.0900001526,60.3600006104,3644600.0,57.9551315308
2018-05-18,61.0400009155,60.2799987793,60.4900016785,60.9300003052,4993500.0,58.5024223328
2018-05-21,61.9199981689,61.0099983215,61.3100013733,61.6599998474,3327200.0,59.2033348083
2018-05-22,62.7999992371,61.6199989319,61.7999992371,61.9900016785,3209000.0,59.5201911926
2018-05-23,62.3600006104,61.75,61.8499984741,62.2299995422,3086100.0,59.7506256104
2018-05-24,62.6300010681,61.8199996948,62.2400016785,62.6300010681,2624200.0,60.1346931458
2018-05-25,62.6699981689,62.1899986267,62.5400009155,62.3499984741,2078400.0,59.8658447266
2018-05-29,62.0900001526,61.3199996948,62.0400009155,61.7099990845,2881000.0,59.2513389587
2018-05-30,63.2799987793,62.0099983215,62.0400009155,63.0,2260500.0,60.4899482727
2018-05-31,62.9099998474,61.9900016785,62.9099998474,62.0900001526,6675300.0,59.6162033081
2018-06-01,62.6899986267,61.9599990845,62.5600013733,62.4300003052,2687100.0,59.9426574707
2018-06-04,62.9700012207,62.4799995422,62.6100006104,62.8300018311,4704200.0,60.3267211914
2018-06-05,63.5499992371,62.6599998474,62.7799987793,62.9900016785,3009600.0,60.4803466797
2018-06-06,63.3899993896,61.0999984741,63.0800018311,62.5900001526,4162300.0,60.096282959
2018-06-07,62.8199996948,61.9199981689,62.6300010681,62.6100006104,3935500.0,60.1154899597
2018-06-08,62.8699989319,62.3899993896,62.6500015259,62.8400001526,2320900.0,60.3363227844
2018-06-11,63.1399993896,62.3300018311,62.9300003052,62.7400016785,1987300.0,60.2403106689
2018-06-12,63.0,61.7799987793,62.8499984741,61.9199981689,3707400.0,59.4529762268
2018-06-13,64.7699966431,62.1500015259,62.25,62.5200004578,4815500.0,60.0290718079
2018-06-14,62.9700012207,61.7000007629,62.8100013733,61.8899993896,3327900.0,59.4241714478
2018-06-15,62.3800010681,61.3600006104,61.8499984741,62.3600006104,4254100.0,59.8754463196
2018-06-18,61.9900016785,61.3499984741,61.9099998474,61.5,2181000.0,59.0497131348
2018-06-19,62.2400016785,61.0,61.0099983215,61.9599990845,5244700.0,59.4913825989
2018-06-20,62.3400001526,61.3800010681,62.3400001526,61.4199981689,2579400.0,58.9728927612
2018-06-21,61.5299987793,60.9000015259,61.2400016785,61.0499992371,1740900.0,58.6176376343
2018-06-22,61.3899993896,60.6399993896,61.3199996948,60.7799987793,9044800.0,58.3583946228
2018-06-25,61.1399993896,60.0999984741,60.8499984741,60.1800003052,4257000.0,57.7823028564
2018-06-26,60.4799995422,59.7400016785,60.3600006104,59.75,3434000.0,57.3694343567
2018-06-27,60.1500015259,58.6800003052,60.0999984741,58.7099990845,3850800.0,56.3708686829
2018-06-28,59.8699989319,58.7000007629,58.7299995422,59.5299987793,2824800.0,57.1581993103
2018-06-29,59.9099998474,59.1300010681,59.6800003052,59.1500015259,3864800.0,56.7933425903
2018-07-02,59.7599983215,58.9300003052,58.9700012207,59.7400016785,3414400.0,57.3598327637
2018-07-03,60.1899986267,59.2999992371,59.8600006104,59.3300018311,1198900.0,56.9661712646
2018-07-05,59.7700004578,58.9199981689,59.5900001526,59.0600013733,2880100.0,56.7069282532
2018-07-06,59.6100006104,58.8699989319,58.9900016785,59.1899986267,1985700.0,56.8317451477
2018-07-09,59.7400016785,59.2999992371,59.5299987793,59.5699996948,2632600.0,57.1966056824
2018-07-10,60.2900009155,59.5499992371,59.6599998474,59.6500015259,3386900.0,57.2734184265
2018-07-11,59.7000007629,59.1699981689,59.3800010681,59.2299995422,3175900.0,56.8701515198
2018-07-12,59.6699981689,58.6300010681,59.6100006104,58.6599998474,3730800.0,56.3228645325
2018-07-13,58.7599983215,58.2999992371,58.6399993896,58.4399986267,3363000.0,56.1116294861
2018-07-16,58.8899993896,58.3300018311,58.7299995422,58.4199981689,4640700.0,56.0924224854
2018-07-17,60.2299995422,58.75,59.0,59.4000015259,6385700.0,57.0333824158
2018-07-18,60.5,59.1300010681,59.5600013733,60.3899993896,8770400.0,57.9839363098
2018-07-19,60.1300010681,59.3699989319,59.9300003052,59.5099983215,5577200.0,57.1389961243
2018-07-20,60.0499992371,59.2200012207,59.4300003052,59.8300018311,3081600.0,57.4462509155
2018-07-23,59.9099998474,59.1800003052,59.7999992371,59.5800018311,3027700.0,57.2062072754
2018-07-24,59.8300018311,59.1800003052,59.6399993896,59.3899993896,3128200.0,57.0237770081
2018-07-25,59.6800003052,59.1500015259,59.3199996948,59.5200004578,3190900.0,57.1485977173
2018-07-26,60.5299987793,59.6699981689,59.7599983215,60.1199989319,3260200.0,57.7246932983
2018-07-27,60.9500007629,59.7200012207,60.5299987793,59.8699989319,2013000.0,57.4846496582
2018-07-30,60.1699981689,59.3400001526,59.8600006104,59.4199981689,2181200.0,57.0525817871
2018-07-31,60.0699996948,59.1899986267,59.6699981689,60.0099983215,4230500.0,57.6190757751
2018-08-01,60.6300010681,59.7799987793,60.0099983215,60.5200004578,3367200.0,58.108757019
2018-08-02,61.7799987793,60.3899993896,60.4099998474,61.6800003052,4257700.0,59.2225418091
2018-08-03,61.7299995422,60.8499984741,61.5,61.5499992371,3862300.0,59.0977172852
2018-08-06,61.7099990845,61.2599983215,61.5400009155,61.4300003052,2317800.0,58.9824981689
2018-08-07,62.2599983215,61.3100013733,61.4799995422,61.8199996948,3744700.0,59.3569602966
2018-08-08,62.0200004578,61.4700012207,61.7099990845,61.9099998474,2091700.0,59.4433746338
2018-08-09,62.9000015259,61.8400001526,61.9399986267,62.5400009155,2170200.0,60.0482749939
2018-08-10,62.6500015259,61.9199981689,62.1800003052,62.4399986267,2446100.0,59.952255249
2018-08-13,62.9500007629,61.9300003052,62.3800010681,61.9599990845,2578500.0,59.4913825989
2018-08-14,62.5499992371,61.7999992371,61.9199981689,62.2900009155,5674900.0,59.8082351685
2018-08-15,64.1900024414,61.9799995422,62.3600006104,64.0599975586,3433800.0,61.5077133179
2018-08-16,65.3199996948,63.7200012207,64.4899978638,65.0500030518,4532400.0,62.4582710266
2018-08-17,66.4199981689,65.0,65.0100021362,66.2799987793,5710900.0,63.6392631531
2018-08-20,67.0199966431,66.4300003052,66.5400009155,66.9000015259,4511100.0,64.2345657349
2018-08-21,67.6299972534,66.7799987793,66.8399963379,67.2200012207,4178500.0,64.541809082
2018-08-22,67.3300018311,66.6399993896,67.0800018311,66.7200012207,3542000.0,64.0617446899
2018-08-23,66.9700012207,66.6800003052,66.7799987793,66.8099975586,1939200.0,64.148147583
2018-08-24,66.9800033569,66.4199981689,66.8000030518,66.9199981689,2092900.0,64.2537612915
2018-08-27,67.3600006104,66.8799972534,67.0400009155,67.2600021362,1751100.0,64.5802230835
2018-08-28,67.4300003052,66.9499969482,67.2799987793,67.1500015259,1836700.0,64.4746017456
2018-08-29,67.8799972534,67.1999969482,67.4000015259,67.6699981689,2298500.0,64.9738845825
2018-08-30,67.7099990845,66.9700012207,67.7099990845,67.1699981689,1948800.0,64.4938049316
2018-08-31,67.5899963379,66.9100036621,67.1699981689,67.5299987793,2579000.0,64.8394622803
2018-09-04,68.4100036621,67.5299987793,67.5999984741,68.3899993896,2068900.0,65.6651992798
2018-09-05,68.9499969482,68.4100036621,68.4599990845,68.7900009155,2256900.0,66.0492553711
2018-09-06,68.9199981689,68.4599990845,68.6900024414,68.8199996948,1778100.0,66.0780715942
2018-09-07,69.0100021362,68.5599975586,68.7600021362,68.8700027466,2108000.0,66.126083374
2018-09-10,68.7600021362,67.6500015259,68.7600021362,67.7900009155,2471000.0,65.0891036987
2018-09-11,68.2799987793,66.8000030518,67.2099990845,67.9899978638,2769100.0,65.2811355591
2018-09-12,68.6299972534,67.8300018311,68.1399993896,68.3600006104,2870000.0,65.636390686
2018-09-13,68.8499984741,68.0500030518,68.6999969482,68.7399978638,2254600.0,66.0012512207
2018-09-14,68.9700012207,67.9899978638,68.9700012207,68.2399978638,3930200.0,65.5211639404
2018-09-17,68.6800003052,68.0299987793,68.3700027466,68.5299987793,1899200.0,65.7996139526
2018-09-18,69.7300033569,68.5299987793,68.6999969482,69.6800003052,2379600.0,66.9038009644
2018-09-19,70.6100006104,69.6500015259,69.6800003052,69.8799972534,3019100.0,67.0958251953
2018-09-20,70.8199996948,70.0,70.1399993896,70.7799987793,2293800.0,67.9599761963
2018-09-21,71.2300033569,70.6399993896,71.1999969482,70.7200012207,4119400.0,67.9023666382
2018-09-24,70.8600006104,70.2600021362,70.7699966431,70.3700027466,1649900.0,67.5663146973
2018-09-25,71.2399978638,70.0800018311,70.2300033569,71.1999969482,3131100.0,68.363243103
2018-09-26,71.6100006104,70.7900009155,71.4700012207,70.8799972534,2836700.0,68.0559921265
2018-09-27,71.2600021362,70.1699981689,70.8000030518,70.3199996948,1698800.0,67.5183029175
2018-09-28,71.0800018311,70.0800018311,70.1500015259,71.0400009155,2437700.0,68.2096176147
2018-10-01,71.7699966431,70.5699996948,71.3600006104,70.6999969482,2337800.0,67.8831558228
2018-10-02,71.0899963379,70.5500030518,70.8399963379,70.9599990845,2620200.0,68.1328048706
2018-10-03,71.5100021362,70.9700012207,71.1600036621,71.0599975586,2438200.0,68.2288208008
2018-10-04,71.3000030518,70.5299987793,71.0999984741,71.1100006104,2691700.0,68.2768249512
2018-10-05,71.2099990845,70.4100036621,71.0299987793,70.6699981689,2220800.0,67.8543548584
2018-10-08,71.2900009155,70.4300003052,70.8099975586,71.0299987793,2551500.0,68.200012207
2018-10-09,72.0199966431,70.9499969482,71.0899963379,71.8300018311,3643300.0,68.9681472778
2018-10-10,71.0,68.4800033569,70.5899963379,68.5199966431,6340800.0,65.7900161743
2018-10-11,68.6800003052,66.7600021362,68.0999984741,66.9700012207,5592800.0,64.3017807007
2018-10-12,67.9100036621,65.8000030518,67.4800033569,66.8600006104,4845600.0,64.1961517334
2018-10-15,67.2300033569,66.2200012207,66.7900009155,66.2399978638,2893300.0,63.6008605957
2018-10-16,70.3399963379,67.9499969482,68.0999984741,70.2699966431,5629900.0,67.4702987671
2018-10-17,70.8700027466,69.5299987793,70.3300018311,70.6299972534,3182500.0,67.8159484863
2018-10-18,72.7200012207,70.4300003052,70.4300003052,71.8000030518,4935000.0,68.9393386841
2018-10-19,71.2900009155,70.2799987793,71.0500030518,70.5500030518,4438100.0,67.7391433716
2018-10-22,71.1800003052,70.0100021362,70.7799987793,70.2600021362,3509000.0,67.4607009888
2018-10-23,70.0,68.6800003052,69.2900009155,69.4400024414,4214700.0,66.6733627319
2018-10-24,69.8000030518,67.6200027466,69.2399978638,67.7399978638,3564300.0,65.0410995483
2018-10-25,69.6200027466,67.8899993896,68.1200027466,68.9599990845,2562200.0,66.2124862671
2018-10-26,68.7600021362,67.4800033569,68.3300018311,68.1100006104,2597400.0,65.3963546753
2018-10-29,69.9499969482,68.0899963379,68.9400024414,68.8700027466,2259400.0,66.126083374
2018-10-30,70.0299987793,68.4000015259,69.1299972534,69.7900009155,2701000.0,67.0094223022
2018-10-31,70.5899963379,69.6500015259,70.1600036621,69.6999969482,3703300.0,66.922996521
2018-11-01,69.5500030518,68.2099990845,69.1800003052,69.0400009155,5145200.0,66.2893066406
2018-11-02,70.0899963379,67.9499969482,69.6200027466,68.3799972534,3448500.0,65.6555938721
2018-11-05,69.9499969482,68.5299987793,68.6100006104,69.7300033569,2218600.0,66.9518127441
2018-11-06,70.1399993896,69.4400024414,69.6200027466,69.7799987793,2174400.0,66.9998168945
2018-11-07,73.6900024414,71.2600021362,71.4499969482,73.1200027466,4782700.0,70.206741333
2018-11-08,73.6100006104,72.7300033569,72.7399978638,73.4599990845,2494900.0,70.533203125
2018-11-09,73.6500015259,72.9100036621,73.3199996948,73.1900024414,2344700.0,70.2739562988
2018-11-12,73.4400024414,71.7699966431,73.1800003052,71.9000015259,1985500.0,69.0353546143
2018-11-13,72.2799987793,71.1500015259,71.7300033569,71.5899963379,3227500.0,68.7376937866
2018-11-14,69.5,64.6900024414,69.3300018311,64.8000030518,8984700.0,62.2182350159
2018-11-15,66.3099975586,64.5100021362,64.5100021362,66.3000030518,6524500.0,63.6584701538
2018-11-16,66.8399963379,65.7200012207,66.0,66.3399963379,3799100.0,63.6968727112
2018-11-19,66.7200012207,64.4300003052,66.6699981689,65.0100021362,4328300.0,62.4198684692
2018-11-20,65.1200027466,63.3499984741,64.1699981689,64.3799972534,6430300.0,61.8149642944
2018-11-21,64.6900024414,63.6699981689,64.3799972534,63.6899986267,3361500.0,61.1524543762
2018-11-23,63.4599990845,62.8699989319,63.1599998474,62.9500007629,1350500.0,60.4419403076
2018-11-26,63.6800003052,62.9900016785,63.4500007629,63.2299995422,3407000.0,60.7107849121
2018-11-27,63.4399986267,61.4799995422,63.0400009155,61.8899993896,3947100.0,59.4241714478
2018-11-28,64.25,62.1399993896,62.1399993896,64.25,4633200.0,61.6901435852
2018-11-29,65.5299987793,63.7599983215,63.7999992371,65.1900024414,3903200.0,62.5926933289
2018-11-30,66.4100036621,65.0299987793,65.0899963379,66.2900009155,5104800.0,63.6488723755
2018-12-03,67.5599975586,65.6600036621,67.1900024414,66.8099975586,5428300.0,64.148147583
2018-12-04,66.8799972534,64.4199981689,66.7799987793,64.6299972534,4625900.0,62.0550041199
2018-12-06,64.9300003052,62.5299987793,63.6599998474,64.8300018311,4231100.0,62.2470359802
2018-12-07,65.3899993896,63.0900001526,64.5599975586,63.4199981689,3469600.0,60.8932113647
2018-12-10,64.1299972534,61.7900009155,63.2000007629,63.6500015259,5100400.0,61.1140518188
2018-12-11,65.3000030518,62.9700012207,64.8899993896,63.4700012207,4215300.0,60.9412231445
2018-12-12,65.1600036621,63.9799995422,64.4199981689,64.0599975586,3924800.0,61.5077133179
2018-12-13,64.3099975586,62.5600013733,64.0100021362,63.1500015259,3194900.0,60.633972168
2018-12-14,62.8400001526,61.7700004578,62.4300003052,62.0,3577100.0,59.5297889709
2018-12-17,62.0999984741,60.7900009155,61.8899993896,61.0699996948,4626200.0,58.6368408203
2018-12-18,61.9199981689,60.4599990845,61.3899993896,61.0800018311,3632100.0,58.646446228
2018-12-19,62.8899993896,60.5499992371,61.2799987793,60.8699989319,3961000.0,58.44480896
2018-12-20,60.7799987793,59.2200012207,60.2700004578,59.7999992371,3566200.0,57.4174423218
2018-12-21,61.4599990845,59.2299995422,59.6300010681,59.4199981689,7327000.0,57.0525817871
2018-12-24,59.2400016785,57.0699996948,58.7700004578,57.0699996948,2232500.0,54.7962112427
2018-12-26,59.3899993896,56.7099990845,57.1599998474,59.3300018311,2956300.0,56.9661712646
2018-12-27,60.2099990845,57.9799995422,58.5600013733,60.2000007629,3124800.0,57.8015060425
2018-12-28,60.7900009155,59.4099998474,60.3300018311,59.6500015259,2690400.0,57.2734184265
2018-12-31,60.3400001526,59.6800003052,60.0699996948,60.3300018311,2420600.0,57.9263305664
2019-01-02,59.7400016785,58.7700004578,59.2799987793,59.2299995422,4153200.0,56.8701515198
2019-01-03,59.5099983215,58.0999984741,58.9599990845,58.2299995422,3889200.0,55.909992218
2019-01-04,60.0400009155,58.8199996948,59.0499992371,59.5600013733,2717800.0,57.1870040894
2019-01-07,60.6199989319,59.2000007629,59.4000015259,60.0400009155,3065300.0,57.6478805542
2019-01-08,61.3800010681,59.9599990845,60.7299995422,60.7299995422,2822600.0,58.3103904724
2019-01-09,62.0800018311,61.1899986267,61.4799995422,61.2999992371,4301700.0,58.8576774597
2019-01-10,61.9900016785,60.7400016785,61.1800003052,61.9700012207,2039600.0,59.5009880066
2019-01-11,61.8100013733,60.8400001526,61.5699996948,61.6800003052,1773900.0,59.2225418091
2019-01-14,61.9599990845,61.1300010681,61.3100013733,61.5800018311,2112900.0,59.1265258789
2019-01-15,62.2000007629,61.4500007629,61.4700012207,62.0299987793,1821200.0,59.55859375
2019-01-16,62.6500015259,61.8400001526,62.2799987793,62.5999984741,2555100.0,60.1058807373
2019-01-17,63.3100013733,62.25,62.3300018311,63.25,2939500.0,60.7299880981
2019-01-18,64.6200027466,63.0600013733,63.5999984741,64.4199981689,3817600.0,61.8533668518
2019-01-22,64.5100021362,62.9599990845,64.0699996948,63.2900009155,4355000.0,60.7683944702
2019-01-23,65.2200012207,62.6500015259,62.9000015259,64.9899978638,5317600.0,62.4006576538
2019-01-24,65.2600021362,64.1399993896,64.5800018311,65.2399978638,3964300.0,62.6406974792
2019-01-25,65.8199996948,64.8300018311,65.7900009155,65.3000030518,3193300.0,62.6983146667
2019-01-28,65.2799987793,64.6999969482,65.0400009155,65.1999969482,2943600.0,62.6022949219
2019-01-29,65.8600006104,65.1999969482,65.2300033569,65.8099975586,4549700.0,63.1879882812
2019-01-30,66.9599990845,65.5,65.9700012207,66.75,4128200.0,64.0905380249
2019-01-31,67.3600006104,66.4700012207,66.6200027466,67.2900009155,5243800.0,64.6090240479
2019-02-01,65.8600006104,64.6999969482,65.2600021362,65.8000030518,3895000.0,65.6303939819
2019-02-04,66.0400009155,65.1600036621,65.5999984741,66.0299987793,2550200.0,65.8597946167
2019-02-05,66.75,65.9800033569,66.1699981689,66.5299987793,3134800.0,66.358505249
2019-02-06,67.6600036621,66.2300033569,66.4899978638,67.5699996948,3163300.0,67.3958206177
2019-02-07,67.8799972534,66.9800033569,67.2300033569,67.7200012207,3058600.0,67.5454406738
2019-02-08,68.3700027466,67.2099990845,67.3000030518,68.3600006104,2564100.0,68.1837844849
2019-02-11,69.2200012207,68.0199966431,68.4599990845,69.1600036621,3861600.0,68.9817276001
2019-02-12,70.0199966431,69.25,69.5599975586,69.3000030518,4762700.0,69.1213607788
2019-02-13,71.0,69.6900024414,70.0,70.8000030518,4510000.0,70.6174926758
2019-02-14,71.0800018311,69.8099975586,70.3099975586,70.7099990845,5961800.0,70.5277328491
2019-02-15,71.7699966431,71.0500030518,71.4000015259,71.2600021362,4789700.0,71.0763092041
2019-02-19,72.0500030518,71.1699981689,71.2200012207,71.8099975586,3478300.0,71.6248855591
2019-02-20,72.4800033569,71.6900024414,72.0500030518,72.4800033569,5379300.0,72.2931671143
2019-02-21,72.6900024414,71.8300018311,72.4800033569,72.1100006104,4251000.0,71.9241256714
2019-02-22,72.5100021362,71.9599990845,72.2399978638,72.2699966431,2749900.0,72.0837020874
2019-02-25,72.9300003052,72.0999984741,72.5299987793,72.7300033569,2661000.0,72.5425186157
2019-02-26,72.9499969482,72.1699981689,72.4100036621,72.3199996948,2847100.0,72.1335754395
2019-02-27,72.9800033569,72.0699996948,72.1600036621,72.7099990845,2499000.0,72.5225753784
2019-02-28,73.4199981689,72.5800018311,72.8000030518,72.9000015259,3639400.0,72.7120819092
2019-03-01,73.7799987793,72.6800003052,73.4400024414,73.0199966431,3265300.0,72.8317642212
2019-03-04,73.6900024414,72.0599975586,73.0800018311,72.7099990845,2499600.0,72.5225753784
2019-03-05,72.9700012207,72.3899993896,72.7699966431,72.5,1723000.0,72.313117981
2019-03-06,72.8199996948,71.8300018311,72.5800018311,71.9100036621,2215000.0,71.7246322632
2019-03-07,72.5500030518,71.4899978638,71.9199981689,72.2200012207,3048400.0,72.0338363647
2019-03-08,72.4300003052,71.6999969482,71.7200012207,72.2699966431,2436600.0,72.0837020874
2019-03-11,72.9300003052,72.3000030518,72.4899978638,72.8499984741,1901700.0,72.6622085571
2019-03-12,73.7300033569,72.9300003052,73.0,73.5800018311,3428400.0,73.390335083
2019-03-13,73.3000030518,72.2200012207,73.2399978638,72.3199996948,3829800.0,72.1335754395
2019-03-14,73.0100021362,71.9499969482,72.3099975586,72.8600006104,2334400.0,72.6721878052
2019-03-15,73.6600036621,72.5199966431,72.6299972534,73.6100006104,8243400.0,73.4202575684
2019-03-18,73.6900024414,72.9100036621,73.5500030518,73.0599975586,4090200.0,72.8716659546
2019-03-19,73.4499969482,72.2099990845,73.3799972534,72.4000015259,3381700.0,72.2133789062
2019-03-20,72.7699966431,71.8899993896,72.4300003052,72.0100021362,2620500.0,71.8243865967
2019-03-21,73.3000030518,71.5699996948,71.6600036621,73.1299972534,2090700.0,72.9414901733
2019-03-22,73.4199981689,72.6299972534,72.7099990845,72.7799987793,2576600.0,72.5923919678
2019-03-25,73.0999984741,72.5100021362,72.8000030518,72.7200012207,1950600.0,72.5325469971
2019-03-26,73.1999969482,72.5100021362,73.1100006104,73.1800003052,2304900.0,72.9913635254
2019-03-27,73.3799972534,72.3399963379,73.0599975586,72.7099990845,2967200.0,72.5225753784
2019-03-28,73.0500030518,71.7099990845,72.8300018311,72.4199981689,1820700.0,72.2333221436
2019-03-29,72.9100036621,72.0100021362,72.8799972534,72.0899963379,4400400.0,71.9041671753
2019-04-01,73.0500030518,72.3899993896,72.6500015259,72.7600021362,2483100.0,72.5724487305
2019-04-02,72.9199981689,72.3700027466,72.7699966431,72.6900024414,1538000.0,72.5026321411
2019-04-03,73.1299972534,71.9899978638,72.9800033569,73.0299987793,2787400.0,72.8417510986
2019-04-04,73.1200027466,72.4499969482,73.1100006104,72.5299987793,1453900.0,72.4422302246
2019-04-05,73.0599975586,72.3799972534,72.6699981689,72.6999969482,1719500.0,72.6120223999
2019-04-08,72.5400009155,71.4499969482,72.3899993896,72.0100021362,2221000.0,71.9228668213
2019-04-09,71.9700012207,71.3899993896,71.6299972534,71.5299987793,1938000.0,71.4434432983
2019-04-10,72.1500015259,71.4000015259,71.7699966431,72.0699996948,1717000.0,71.9827880859
2019-04-11,72.4800033569,71.4599990845,72.3300018311,71.7699966431,2657300.0,71.6831512451
2019-04-12,72.6500015259,71.9599990845,72.1299972534,72.6100006104,2086300.0,72.5221328735
2019-04-15,72.9899978638,72.1299972534,72.5999984741,72.2600021362,2729400.0,72.1725616455
2019-04-16,77.3000030518,74.2200012207,74.25,77.2600021362,6385000.0,77.1665115356
2019-04-17,77.3399963379,75.9400024414,77.25,76.1600036621,3274200.0,76.0678405762
2019-04-18,76.4700012207,74.9199981689,76.1699981689,75.0,3057100.0,74.9092407227
2019-04-22,74.8300018311,74.2600021362,74.6299972534,74.5599975586,1931400.0,74.4697723389
2019-04-23,75.8300018311,74.3600006104,74.6500015259,75.6900024414,2645200.0,75.5984115601
2019-04-24,75.8000030518,74.9800033569,75.6699981689,75.0699996948,1927700.0,74.9791564941
2019-04-25,75.8499984741,74.5599975586,75.0,75.5999984741,2209600.0,75.5085144043
2019-04-26,76.1999969482,75.5,75.7300033569,76.1900024414,1791500.0,76.0978088379
2019-04-29,77.3000030518,76.4000015259,76.4400024414,77.1100006104,2183000.0,77.0166931152
2019-04-30,78.2099990845,76.8300018311,77.1800003052,78.1500015259,2568700.0,78.0554351807
2019-05-01,78.5800018311,76.7900009155,78.0999984741,76.9100036621,3306000.0,76.8169326782
2019-05-02,77.1900024414,75.2099990845,77.1500015259,75.5599975586,3902400.0,75.4685592651
2019-05-03,76.0,73.9400024414,75.9100036621,74.4300003052,4016100.0,74.3399353027
2019-05-06,74.5400009155,73.4000015259,73.4300003052,74.2399978638,4413200.0,74.1501617432
2019-05-07,74.0999984741,72.6299972534,73.7600021362,72.7900009155,3665900.0,72.7019195557
2019-05-08,73.8399963379,72.3600006104,72.5400009155,73.5199966431,3971300.0,73.4310302734
2019-05-09,73.2300033569,72.5899963379,73.0800018311,72.8499984741,2415600.0,72.7618408203
2019-05-10,73.5899963379,71.8300018311,72.5,73.4300003052,1851600.0,73.3411407471
2019-05-13,72.6299972534,71.6100006104,72.2799987793,72.5400009155,3182600.0,72.4522171021
2019-05-14,74.5699996948,72.5999984741,72.5999984741,73.6399993896,3011200.0,73.5508880615
2019-05-15,77.7799987793,73.8300018311,74.1800003052,77.5,5317100.0,77.4062194824
2019-05-16,78.4499969482,77.3600006104,77.6100006104,77.8499984741,2772900.0,77.7557907104
2019-05-17,78.4599990845,77.0299987793,77.2699966431,77.7200012207,2196800.0,77.6259536743
2019-05-20,78.3199996948,77.2699966431,77.6500015259,78.3000030518,2238200.0,78.2052536011
2019-05-21,80.3499984741,78.6500015259,78.6500015259,80.0699996948,3842300.0,79.9731063843
2019-05-22,80.5299987793,79.7399978638,80.0599975586,80.4499969482,2467700.0,80.352645874
2019-05-23,80.0800018311,79.2699966431,79.9800033569,79.7099990845,2846300.0,79.6135406494
2019-05-24,80.6299972534,79.8499984741,80.1100006104,80.2200012207,4398400.0,80.1229248047
2019-05-28,81.0,79.2300033569,80.3300018311,79.4899978638,3429400.0,79.3938064575
2019-05-29,80.0,78.3899993896,79.1900024414,79.9400024414,2663400.0,79.8432693481
2019-05-30,80.4199981689,79.7900009155,80.1399993896,80.1399993896,1622900.0,80.0430221558
2019-05-31,80.0599975586,78.9499969482,79.5500030518,79.2799987793,2245600.0,79.1840591431
2019-06-03,80.0599975586,78.8499984741,79.2799987793,79.8300018311,2792700.0,79.7333984375
2019-06-04,81.8499984741,80.25,80.5999984741,81.8199996948,4058300.0,81.720993042
2019-06-05,83.5800018311,81.8199996948,81.8799972534,83.3399963379,3922200.0,83.2391433716
2019-06-06,83.5100021362,82.6399993896,83.3499984741,83.1500015259,2602800.0,83.0493850708
2019-06-07,84.3000030518,83.0400009155,83.3499984741,83.1800003052,2059700.0,83.0793457031
2019-06-10,83.5999984741,82.3600006104,83.4400024414,82.5899963379,2111600.0,82.4900512695
2019-06-11,83.5599975586,82.3099975586,83.25,82.5699996948,2124200.0,82.470085144
2019-06-12,83.0,80.7799987793,82.9899978638,81.1299972534,2914700.0,81.0318222046
2019-06-13,82.0,81.0100021362,81.3199996948,81.6399993896,1801800.0,81.5412063599
2019-06-14,82.1699981689,81.0599975586,81.4400024414,81.9599990845,1991900.0,81.8608169556
2019-06-17,82.3300018311,81.3399963379,82.2300033569,81.4599990845,2082500.0,81.3614273071
2019-06-18,81.8300018311,81.1200027466,81.7600021362,81.3300018311,1730700.0,81.2315826416
2019-06-19,81.9800033569,81.0899963379,81.3799972534,81.7399978638,1696200.0,81.6410827637
2019-06-20,82.3700027466,81.2900009155,82.0500030518,81.8700027466,2698000.0,81.7709350586
2019-06-21,82.4000015259,80.1200027466,82.0,80.1200027466,5146800.0,80.0230484009
2019-06-24,80.9899978638,80.3000030518,80.5500030518,80.3600006104,2266900.0,80.2627563477
2019-06-25,80.5699996948,79.4700012207,80.3799972534,79.5599975586,3015400.0,79.463722229
2019-06-26,80.4000015259,78.5,79.9000015259,78.5899963379,3561100.0,78.4948959351
2019-06-27,79.8399963379,78.7099990845,79.0699996948,79.6900024414,2783500.0,79.5935668945
2019-06-28,80.4800033569,79.5100021362,80.1200027466,79.9300003052,7799600.0,79.8332748413
2019-07-01,81.7900009155,80.0800018311,80.9400024414,81.75,2526000.0,81.6510772705
2019-07-02,83.2399978638,81.6900024414,81.6900024414,82.6399993896,2524000.0,82.5400009155
2019-07-03,83.9199981689,82.7699966431,82.8700027466,83.6500015259,1678400.0,83.6500015259
2019-07-05,84.1999969482,83.2699966431,83.6299972534,83.9899978638,1875800.0,83.9899978638
2019-07-08,84.1500015259,83.4599990845,83.8399963379,83.6200027466,2017800.0,83.6200027466
2019-07-09,83.9100036621,82.8600006104,83.3300018311,83.4800033569,1962300.0,83.4800033569
2019-07-10,84.0899963379,82.8000030518,83.6200027466,83.4300003052,2336800.0,83.4300003052
2019-07-11,83.8600006104,82.6500015259,83.4199981689,83.75,1557300.0,83.75
2019-07-12,84.4100036621,83.2699966431,84.1100006104,84.3899993896,1418400.0,84.3899993896
2019-07-15,84.9599990845,83.7900009155,84.4899978638,83.9700012207,2158900.0,83.9700012207
2019-07-16,84.4000015259,83.6800003052,84.2200012207,84.1200027466,3254200.0,84.1200027466
2019-07-17,82.2200012207,79.8600006104,82.0,80.1999969482,6544100.0,80.1999969482
2019-07-18,81.1900024414,79.8600006104,80.0500030518,81.1900024414,3402900.0,81.1900024414
2019-07-19,81.3499984741,79.9499969482,81.2699966431,79.9800033569,3127200.0,79.9800033569
2019-07-22,81.6699981689,79.9499969482,80.0299987793,81.0199966431,3037500.0,81.0199966431
2019-07-23,80.9300003052,79.6399993896,80.7799987793,80.5599975586,2887200.0,80.5599975586
2019-07-24,81.0999984741,79.5299987793,80.5599975586,81.0199966431,2227900.0,81.0199966431
2019-07-25,81.6900024414,79.4000015259,79.5100021362,81.1800003052,1951200.0,81.1800003052
2019-07-26,81.7399978638,80.7099990845,81.1200027466,81.6999969482,1273200.0,81.6999969482
2019-07-29,82.4000015259,80.8099975586,81.8600006104,81.1999969482,2015500.0,81.1999969482
2019-07-30,81.4000015259,80.5800018311,80.9100036621,80.7099990845,1315400.0,80.7099990845
2019-07-31,81.7699966431,80.4800033569,81.1200027466,80.9800033569,2453900.0,80.9800033569
2019-08-01,81.2399978638,79.9700012207,81.0,80.1200027466,2608000.0,80.1200027466
2019-08-02,80.6999969482,79.4599990845,80.1299972534,79.7600021362,1648800.0,79.7600021362
2019-08-05,79.2699966431,77.0299987793,78.7699966431,77.3399963379,2660500.0,77.3399963379
2019-08-06,79.5699996948,77.1600036621,77.5,79.5500030518,2303500.0,79.5500030518
2019-08-07,79.2099990845,77.2200012207,78.7200012207,78.4700012207,2368100.0,78.4700012207
2019-08-08,80.0500030518,78.2300033569,78.8600006104,79.8300018311,2641000.0,79.8300018311
2019-08-09,81.1100006104,79.6200027466,79.8399963379,80.5999984741,2636400.0,80.5999984741
2019-08-12,80.8099975586,78.5100021362,80.3000030518,79.0199966431,2007200.0,79.0199966431
2019-08-13,80.0199966431,78.4100036621,78.5800018311,79.4599990845,3192600.0,79.4599990845
2019-08-14,79.3499984741,75.0800018311,78.0,75.5800018311,5660100.0,75.5800018311
2019-08-15,77.2699966431,75.1399993896,75.8300018311,77.0400009155,2957300.0,77.0400009155
2019-08-16,78.0699996948,77.1399993896,77.6399993896,77.4899978638,1894100.0,77.4899978638
2019-08-19,78.7300033569,77.8700027466,78.7300033569,77.9100036621,1588700.0,77.9100036621
2019-08-20,77.75,76.6600036621,77.75,76.7300033569,2824700.0,76.7300033569
2019-08-21,77.6699981689,77.0199966431,77.4599990845,77.3000030518,1523900.0,77.3000030518
2019-08-22,78.1500015259,76.7099990845,77.5599975586,77.0699996948,2328700.0,77.0699996948
2019-08-23,77.9700012207,74.6699981689,76.9599990845,75.1500015259,2249400.0,75.1500015259
2019-08-26,75.9000015259,74.6800003052,75.6299972534,75.7900009155,1844900.0,75.7900009155
2019-08-27,76.4700012207,74.9599990845,76.2399978638,74.9599990845,2315100.0,74.9599990845
2019-08-28,75.2399978638,74.2799987793,74.6900024414,74.8600006104,1621100.0,74.8600006104
